2025-04-07	1KfHyjh--TmELl7HG0pinqpiPD675lm4_F4oU6oA3BRQ
2025-04-09	1skZr1ZRiY5qhE8fNavWEtQhyEh2QzZI8yZGC_gVuGVc
2025-04-10	1reKCk837nlj9kA4B0SJiCaMoU6odRzmXLvy-JRhUiEA
2025-04-14	1hga0Z9GZjuScttsSBp6u3SEf4yyGFzojwbDYNKWl0Gs
2025-04-21	1XjDZQ0IgLhzGI1ZrXgfJ61VYvJ2UwlQtw4a7z9SgOH8
2025-04-23	11WAeIfEpGj-88NVYMjFFRTo9RQNK5hYf9fAKHu9Y8_s
2025-04-28	1XoOE2aYZV22OVd6vzuTdApdpZgilF4bhQDPgoN98tJE
2025-05-05	1lujL-2lFF1BjqnyabkFGAWXD3DVFFFWE1-7hVu3K1yA
2025-05-12	1RNp0JMVw0g0fAv9ajA2SOVxwfJJ0dLI5VpAlxme9nH8
2025-05-19	1BHetUO2j1ilKXqlYIYB_h5zx4MmQunz9P6aiItvxMq4
2025-05-26	1P1nXJ8v2AjPqTGJDryuRW_m5Pw4Iy0yiXFsGYmbm8Fo
2025-06-01	1LIRQ1nPOwAxGWA0Gfz1YKt_rWBd2PTvY1-HWR1FcTP0
2025-06-09	1aV5WJz5-eIuTpFCxmCkUay6rytYjV23pwuPBCJA67M8
2025-06-15	1tqF3jXx0dc8iPkh78TZU3LRFIm4yulGKPz2RNesHO4o
2025-06-22	1E0ve1uP3_oFODjkFpdKWdzweyqc98wsg1I7kWJIR_ys
2025-06-29	1WN3AEn3oOH_uV_yw-0jNhYRvoY-SkM77Wc0QFJXnm3E
2025-07-06	13oDsMjMrvWMoZaBA5EanBYsFkzEgIs70EeY3_Nnee0A
2025-07-13	1CNN7ZgtfTr-7uEdPxIbs3s3jxiCAGT6t-6cJ1E_DrOw
2025-07-20	1pg7rUM0YYz13sM6PJfiuyB5jgcpNiXaaqGxxKgFsdcQ
2025-07-27	1kBRGRArgar74Tf6WXIWiM7jAOs0SGRHLNmEJhOHT3tw
2025-08-03	1o32wOm2IAhQFNQyNzLcQZg5uksf3VMlLdgES8bs25ac
2025-08-10	1H81tN5khiOCd0-6xYjf61MXJJrXLDDSU1cFi1hg7PWE
2025-08-17	1qKvHD-YI6ssUhQ88Dlx0y48aC2tAxQjL8Gyily3WwQ0
2025-08-24	1ndTpKWRK4ozLrSfI8PP6YBVIF251QObzE7OL97mnFyw
2025-08-31	1XAU544ISw_8JKk0VP6D4mL6xw2ezVj5to4L25gWLXO8
2025-09-07	1q3RZ-yrdI82VKIQobUmuYMmPwQAzuWq8Tgkis5jVFRY
2025-09-14	1iCA2CxiuoylxKD3TdVOxf0iIkCNC2AsXEAXa0MVHpJM
2025-09-21	1WdSfqms2dFzYFwe4bODumgi9nY6oDmZDo_yzDOqfFec
2025-09-28	1xheqKFviKctQ-z66U-OefMv9RV0ktRn3oiV53zslZRE
2025-10-05	19rSInKPRpVdEDX6MmSj9wLfyFseIAZbfjaSqcE4G7-M
2025-10-19	1w6GQC1c6EY3gJyxV2EABwnRV4_4poHqTuPS-1m8xBvA
2025-10-26	1uWKvIXeqBtushC7p3KhonQOnf43L-6Foj0OJU3cMRMw
2025-11-02	1URFGkAGSgHEHQEgSP9Cvyk0L6M6XyIRMiVcATmIEnfU
2025-11-09	1peiWOkWUts--Tyky6sdLQxrcA5OO2d0A1LmWSwPfFXA
2025-11-16	1wJrbB6FOHjs3AcIsX7nvGlkilh2IGm1wUTWB2LgwV4U
2025-11-23	1aIAWvogAQqq3fCTq2H4k27dEQIvofn8XaDDMzeEkIjg
2025-12-07	1bVxovWXw8kIlrbD5FcGnZ1BBQ0IpzxhUiIg6ZmzFBTw
2025-12-14	1K3ftdoZK0UjNTUJWCvcPzqs3TvEtfBHzZXp7LWltIis
2025-12-21	1lRS0bai-0CBFTcwwcEu1gXoy7aWbylWZpmWNNdpf-_0
2026-01-04	1OqQKKAibfdtlwm9AIVjK1tx71uUxvY9LvKdMsm2Pkfo
2026-01-11	1onf1U1rL3POqpHa9ICQO66AL5Qq3bVDkTbK9MbmFfXs
2026-01-18	1vLAfvjOrGxaUZCI1uKq3fXwB9A5rI0GbTCfKIcgwTTE
2026-01-25	1PvElmi6tfnQ9gaPdH82vf2hNu0IoKOXjT2b4qQciPf0
2026-02-01	1yiTuPqf2ZR2ID6eXN1WHhhLieAE6YMA3hCRsLza4QmM
2026-02-08	1ZOzdvfLKsPLYx36k-fYaIu7tHtFUOkCVljDliU4L4hc
2026-02-15	13MqKcegtz0WdCskA9WUY2t4eDXdbwe2Bvoq73p4hNLo
2026-02-22	1EKnCliKJjniKTrhF0zGXaa9ecq6pt3GHn8t6NmJM6ZA
2026-03-02	16Qy5cs6ZkcoFtIlK02YlShKfg5a_7DK-oojvalm3xlM
2026-03-08	1Jsemace_3mMKel-dp1NDXdCyofqrMlHVgwGtetxVBUU
2026-03-16	1-hTGgYOKpsjZwnflYxXDV4-hANZ7F_Snmz1CcxFXUNw
2026-03-22	1LEVG7-YyB_jNU64nEkBGIJ6WVhVbZxSH8eid0eg6QBY
2026-03-29	1II-Q56tTnYBMH2NYDtMYHy6-1p2VCd6VWK1OLtuk5B4
2026-04-05	1CdTcoWBaVoG0yq3RjjHkEgnO3XE_FbJilaYw1uMA4iE
2026-04-12	1pI8jVpHUVPMW_O0SFFPkDzDsd2RICw76enjUlUN85O8
2026-04-19	1_xg3ws6xFjGUO1Vz2rHa6B8iUsaDk5_l0xaiHyBw_0s
2026-04-26	12l8RNZHC-KLkUMXrKbm4S2xUixI4xaqZIVGf8xcG7Sk
2026-05-03	1RSxf7N2TUAUmg3aDOBck9jsSjVh4IG-ADclkCKN6gJI
2026-05-10	1803Hx7cEcYVVikFvG_otyHoNqScSYJXyou3GUnRRtDM
2026-05-17	1MVZ8VV76UEdlGYJff7dzGfFuFajoAS6yOQEt0t0GmAw
2026-05-24	1oL_YSKA0JeOUhDCrYuMnNqLAeIU-dovzWF4AiEtme9o
2026-06-07	1TehQNzntpHKdD--03UNsVkxwUcI7wO6-OwLqFcI_CeI
2026-06-14	1VmX9efUmlcHvWgbKBHu1_HT5ez2Ge6umJmb0zb3RF3c
2026-06-21	12BzZYsKNIzpA2pSUpPX2NSsywrCZfP3wAj6Vqkt-13U
2026-06-28	1EUGEjZUbx9JzZL7_AP7_kerTyl26q9k-A4Bg0YMgi-Y
